x,y,heading,curvature
0.3900,-0.6056,0.146012,14.538483
0.4400,-0.5983,0.109770,-0.869419
0.4900,-0.5946,0.040083,-1.327318
0.5400,-0.5943,-0.022836,-1.186306
0.5900,-0.5969,-0.078459,-1.034343
0.6400,-0.6021,-0.126556,-0.879224
0.6900,-0.6096,-0.167113,-0.443082
0.7400,-0.6190,-0.171740,0.016436
0.7900,-0.6270,-0.165442,-0.576093
0.8400,-0.6357,-0.229375,-1.207601
0.8900,-0.6503,-0.289380,-1.071583
0.9400,-0.6655,-0.341303,-1.162352
0.9900,-0.6858,-0.411698,-0.633858
1.0400,-0.7091,-0.412458,0.379240
1.0900,-0.7296,-0.369537,-0.106400
1.1400,-0.7479,-0.423418,-1.296099
1.1900,-0.7747,-0.509247,-0.602344
1.2400,-0.8037,-0.496044,0.403221
1.2900,-0.8288,-0.462923,0.317642
1.3400,-0.8536,-0.461110,-0.000000
1.3900,-0.8785,-0.462923,0.431085
1.4400,-0.9035,-0.411698,0.961236
1.4900,-0.9221,-0.358076,0.324106
1.5400,-0.9410,-0.377413,-0.376209
1.5935,-0.9632,-0.400425,-0.656113
1.6441,-0.9850,-0.451714,-1.108878
1.6957,-1.0128,-0.526699,-0.884230
1.7424,-1.0422,-0.552494,-0.615742
1.7920,-1.0721,-0.594628,-1.487817
1.8397,-1.1080,-0.726957,-2.337467
1.8813,-1.1515,-0.881094,-2.689158
1.9136,-1.1976,-1.049971,-3.794362
1.9345,-1.2443,-1.285094,-5.194389
1.9425,-1.2959,-1.578764,-5.395398
1.9337,-1.3465,-1.829531,-3.775946
1.9149,-1.4000,-1.992705,-2.868484
1.8872,-1.4500,-2.155555,-1.990194
1.8487,-1.5000,-2.236086,-1.101708
1.8087,-1.5500,-2.297073,-0.601356
1.7599,-1.6000,-2.319140,-0.032053
1.7159,-1.6500,-2.301608,0.601574
1.6703,-1.7000,-2.234964,1.212869
1.6376,-1.7500,-2.145739,1.136652
1.6055,-1.8000,-2.104200,1.019966
1.5786,-1.8500,-2.027779,0.929725
1.5546,-1.9035,-1.997096,0.147544
1.5313,-1.9541,-2.011342,-0.643592
1.5064,-2.0057,-2.070240,-1.088829
1.4776,-2.0524,-2.136475,-1.121696
1.4497,-2.0950,-2.185418,-1.536427
1.4173,-2.1379,-2.294017,-1.985868
1.3785,-2.1757,-2.403692,-1.887459
1.3385,-2.2095,-2.492816,-1.402645
1.2924,-2.2410,-2.554829,-0.609933
1.2457,-2.2712,-2.562246,-0.070647
1.1941,-2.3052,-2.563461,0.068244
1.1435,-2.3379,-2.554192,0.268875
1.0900,-2.3746,-2.529870,0.236536
1.0400,-2.4105,-2.524036,-0.177606
0.9865,-2.4481,-2.551846,-0.090315
0.9324,-2.4826,-2.535728,0.336488
0.8837,-2.5193,-2.509149,0.499608
0.8360,-2.5532,-2.475421,1.048828
0.7948,-2.5891,-2.390444,1.139117
0.7554,-2.6285,-2.350841,0.852532
0.7192,-2.6656,-2.297108,1.568972
0.6874,-2.7050,-2.190941,2.597182
0.6606,-2.7476,-2.034850,2.963342
0.6427,-2.7943,-1.901223,1.702608
0.6269,-2.8459,-1.853417,0.749679
0.6130,-2.8965,-1.820575,0.400236
0.6004,-2.9500,-1.810008,-0.093655
0.5878,-3.0000,-1.831258,0.278459
0.5737,-3.0500,-1.779911,1.325720
0.5666,-3.1000,-1.695040,0.707363
0.5612,-3.1500,-1.709715,-0.312069
0.5526,-3.2000,-1.726538,-0.396991
0.5455,-3.2500,-1.749853,-0.564777
0.5345,-3.3000,-1.783805,0.168998
0.5239,-3.3500,-1.732274,0.917965
0.5182,-3.4000,-1.691028,0.411763
0.5118,-3.4500,-1.691028,-0.411763
0.5061,-3.5000,-1.732274,-0.917965
0.4955,-3.5500,-1.783805,-0.498543
0.4845,-3.6000,-1.783805,0.168998
0.4739,-3.6500,-1.766451,0.845612
0.4647,-3.7000,-1.696822,1.285652
0.4612,-3.7500,-1.637214,0.089900
0.4580,-3.8000,-1.687905,-1.112560
0.4495,-3.8500,-1.748977,-0.345066
0.4400,-3.9000,-1.723446,0.397564
0.4341,-3.9500,-1.708827,-0.118718
0.4261,-4.0000,-1.735358,-0.260636
0.4175,-4.0500,-1.735358,-0.403985
0.4095,-4.1000,-1.776011,-0.564712
0.3967,-4.1500,-1.793295,0.214119
0.3869,-4.2000,-1.753794,0.500900
0.3781,-4.2500,-1.743024,-0.089502
0.3689,-4.3035,-1.762670,-0.567127
0.3579,-4.3541,-1.803761,-0.911945
0.3446,-4.4057,-1.859463,-1.787178
0.3287,-4.4524,-1.987345,-2.847492
0.3036,-4.4985,-2.146081,-2.908722
0.2729,-4.5385,-2.292302,-2.431353
0.2374,-4.5738,-2.384509,-2.033780
0.1981,-4.6091,-2.496934,-1.921338
0.1499,-4.6395,-2.594775,-1.234806
0.0976,-4.6703,-2.647778,-0.639440
0.0435,-4.6968,-2.673416,-0.159976
-0.0100,-4.7248,-2.666819,-0.000405
-0.0600,-4.7500,-2.673971,0.126767
-0.1100,-4.7752,-2.652575,0.270834
-0.1600,-4.8032,-2.643102,0.142685
-0.2100,-4.8297,-2.636537,0.279244
-0.2635,-4.8605,-2.610363,0.551199
-0.3141,-4.8909,-2.569696,0.751938
-0.3657,-4.9262,-2.518431,0.901039
-0.4124,-4.9615,-2.460048,1.379852
-0.4585,-5.0015,-2.356194,1.501679
-0.4985,-5.0476,-2.274865,1.116504
-0.5373,-5.0943,-2.221040,0.937682
-0.5733,-5.1459,-2.157879,1.059242
-0.6053,-5.1965,-2.089662,1.133126
-0.6327,-5.2500,-2.020715,1.393450
-0.6553,-5.3000,-1.925296,1.717291
-0.6697,-5.3500,-1.842630,0.934275
-0.6832,-5.4000,-1.830413,0.073530
-0.6963,-5.4500,-1.835056,0.288956
-0.7102,-5.5000,-1.800171,0.706175
-0.7196,-5.5500,-1.762529,0.723427
-0.7296,-5.6000,-1.726538,0.650018
-0.7353,-5.6500,-1.696822,0.481567
-0.7423,-5.7000,-1.678075,-0.128971
-0.7461,-5.7500,-1.709715,-0.536231
-0.7563,-5.8000,-1.732274,0.561220
-0.7624,-5.8500,-1.652065,1.612871
-0.7644,-5.9000,-1.570796,1.628946
-0.7624,-5.9500,-1.489528,1.263415
-0.7563,-6.0000,-1.443880,0.512319
-0.7496,-6.0500,-1.437652,0.334838
-0.7429,-6.1000,-1.410200,0.705091
-0.7334,-6.1500,-1.366449,0.348357
-0.7222,-6.2000,-1.374271,-0.046954
-0.7135,-6.2500,-1.371226,0.455899
-0.7019,-6.3000,-1.328161,0.256603
-0.6888,-6.3500,-1.344427,-0.297298
-0.6789,-6.4000,-1.358653,-0.300139
-0.6672,-6.4500,-1.375142,0.264788
-0.6591,-6.5000,-1.332002,1.079127
-0.6429,-6.5500,-1.264874,0.890610
-0.6275,-6.6000,-1.237552,0.416205
-0.6083,-6.6500,-1.220682,0.183764
-0.5910,-6.7000,-1.217890,0.456131
-0.5714,-6.7500,-1.172861,0.921674
-0.5490,-6.8000,-1.118433,0.549800
-0.5229,-6.8500,-1.110412,-0.289566
-0.4994,-6.9000,-1.151523,0.031032
-0.4783,-6.9500,-1.107149,0.777054
-0.4494,-7.0000,-1.064659,0.027247
-0.4229,-7.0500,-1.103896,-0.035441
-0.3990,-7.1000,-1.068474,0.548384
-0.3679,-7.1500,-1.041092,0.407099
-0.3404,-7.2000,-1.021113,0.280530
-0.3067,-7.2500,-1.008059,-0.049281
-0.2773,-7.3000,-1.027056,0.019851
-0.2462,-7.3500,-1.005796,0.485245
-0.2139,-7.4000,-0.970162,0.332815
-0.1777,-7.4500,-0.964640,-0.318990
-0.1446,-7.5000,-1.010328,-0.824873
-0.1149,-7.5500,-1.062239,-0.729679
-0.0889,-7.6000,-1.092774,-0.551133
-0.0631,-7.6500,-1.124307,-0.803516
-0.0410,-7.7000,-1.182901,-0.796854
-0.0223,-7.7500,-1.209153,-0.133286
-0.0032,-7.8000,-1.196939,-0.470912
0.0170,-7.8500,-1.261175,-1.094682
0.0288,-7.9000,-1.311180,-0.498373
0.0435,-7.9500,-1.312025,-0.437392
0.0553,-8.0000,-1.356924,-0.029558
0.0652,-8.0500,-1.314988,1.048920
0.0814,-8.1000,-1.249317,0.610581
0.0986,-8.1500,-1.249317,-0.309155
0.1148,-8.2000,-1.282248,-0.346829
0.1282,-8.2500,-1.285161,-0.035972
0.1441,-8.3000,-1.285995,-0.567967
0.1575,-8.3500,-1.345287,-0.783489
0.1671,-8.4000,-1.365582,-0.292971
0.1783,-8.4500,-1.375142,-0.691865
0.1869,-8.5000,-1.436763,-1.409341
0.1918,-8.5500,-1.517453,-0.761441
0.1922,-8.6000,-1.512491,0.009004
0.1976,-8.6500,-1.516551,-1.121723
0.1976,-8.7000,-1.625042,-1.473107
0.1922,-8.7500,-1.664189,-0.397470
0.1883,-8.8000,-1.665086,-0.276819
0.1828,-8.8500,-1.691920,-0.442612
0.1761,-8.9000,-1.709715,0.079116
0.1688,-8.9500,-1.683886,0.315147
0.1648,-9.0000,-1.678075,-0.386912
0.1580,-9.0500,-1.722561,-0.699297
0.1495,-9.1000,-1.748977,-0.008627
0.1400,-9.1500,-1.723446,0.397564
0.1341,-9.2000,-1.708827,-0.118718
0.1261,-9.2500,-1.735358,0.078191
0.1175,-9.3000,-1.700828,-0.008822
0.1130,-9.3500,-1.736238,-1.380762
0.1008,-9.4000,-1.838847,-1.371333
0.0856,-9.4500,-1.880417,-0.242394
0.0688,-9.5000,-1.864742,0.281674
0.0553,-9.5500,-1.851007,-0.028111
0.0400,-9.6000,-1.867641,0.000000
0.0247,-9.6500,-1.851007,0.341342
0.0112,-9.7000,-1.832103,0.081590
-0.0020,-9.7500,-1.842630,-0.182002
-0.0167,-9.8000,-1.851007,0.473863
-0.0308,-9.8500,-1.792434,0.579719
-0.0392,-9.9000,-1.792434,-0.252052
-0.0533,-9.9500,-1.818116,-0.111355
-0.0644,-10.0000,-1.804030,-0.583404
-0.0771,-10.0500,-1.876719,-0.992619
-0.0960,-10.1000,-1.909284,-0.254432
-0.1123,-10.1500,-1.904041,-0.103097
-0.1306,-10.2000,-1.920112,-0.206446
-0.1487,-10.2500,-1.926091,-0.298311
-0.1677,-10.3000,-1.951693,-0.097741
-0.1888,-10.3500,-1.936787,0.408928
-0.2061,-10.4000,-1.907673,0.144550
-0.2238,-10.4500,-1.921709,-0.374700
-0.2427,-10.5000,-1.947396,-0.025471
-0.2633,-10.5500,-1.924499,0.067239
-0.2796,-10.6000,-1.940333,-0.366897
-0.3021,-10.6500,-1.963722,-0.221167
-0.3210,-10.7000,-1.964495,-0.317177
-0.3436,-10.7500,-1.997594,-0.593885
-0.3665,-10.8000,-2.029727,-0.789060
-0.3930,-10.8500,-2.084517,-0.532028
-0.4229,-10.9000,-2.092105,0.044766
-0.4525,-10.9535,-2.079443,-0.186800
-0.4810,-11.0041,-2.114335,-0.596848
-0.5143,-11.0557,-2.150134,-0.652766
-0.5476,-11.1059,-2.193726,-0.956253
-0.5864,-11.1562,-2.270855,-1.677260
-0.6255,-11.1984,-2.404210,-2.549284
-0.6698,-11.2319,-2.558934,-3.053891
-0.7137,-11.2565,-2.726294,-3.341133
-0.7617,-11.2724,-2.893335,-3.308462
-0.8078,-11.2804,-3.046732,-2.666903
-0.8559,-11.2814,-3.138383,-1.708329
-0.9065,-11.2807,3.068278,-1.561548
-0.9600,-11.2738,2.977862,-1.188100
-1.0100,-11.2636,2.942023,-0.625376
-1.0600,-11.2535,2.915223,-0.121432
-1.1100,-11.2405,2.929449,1.052599
-1.1600,-11.2320,3.024484,1.458296
-1.2100,-11.2288,3.075175,-0.089900
-1.2600,-11.2253,3.015567,-1.285652
-1.3100,-11.2161,2.945938,-0.845612
-1.3600,-11.2055,2.928584,-0.168998
-1.4100,-11.1945,2.928584,0.498543
-1.4600,-11.1839,2.980115,0.917965
-1.5100,-11.1782,3.021361,0.757113
-1.5600,-11.1718,3.056280,-0.008951
-1.6100,-11.1696,3.020469,-1.062270
-1.6600,-11.1596,2.949860,-0.723427
-1.7100,-11.1502,2.945938,-0.333120
-1.7600,-11.1398,2.916083,-0.745781
-1.8100,-11.1273,2.869759,-1.278055
-1.8600,-11.1119,2.785105,-1.653077
-1.9100,-11.0900,2.700164,-1.164660
-1.9671,-11.0614,2.642955,-0.982734
-2.0218,-11.0292,2.569667,-1.271486
-2.0721,-10.9938,2.481775,-1.393187
-2.1164,-10.9557,2.403196,-1.509942
-2.1572,-10.9163,2.303008,-2.707396
-2.1872,-10.8770,2.107297,-4.256800
-2.2068,-10.8329,1.894256,-4.591499
-2.2165,-10.7896,1.689711,-4.190779
-2.2176,-10.7428,1.515874,-3.332650
-2.2115,-10.6983,1.383126,-2.230764
-2.2004,-10.6522,1.312858,-0.786631
-2.1867,-10.6041,1.303187,0.751456
-2.1733,-10.5535,1.386472,1.796164
-2.1672,-10.5000,1.498806,1.099319
-2.1658,-10.4500,1.498524,-0.442877
-2.1600,-10.4000,1.454580,-0.345844
-2.1542,-10.3500,1.463517,0.355781
-2.1492,-10.3000,1.490427,0.031368
-2.1461,-10.2500,1.466650,-0.324974
-2.1388,-10.2000,1.457706,-0.031071
-2.1348,-10.1500,1.463517,-0.040025
-2.1280,-10.1000,1.453688,-0.305843
-2.1230,-10.0500,1.432766,-0.822233
-2.1141,-10.0000,1.371226,-0.605025
-2.1028,-9.9500,1.370357,-0.038326
-2.0938,-9.9000,1.367317,-0.369797
-2.0821,-9.8500,1.332857,-0.643726
-2.0695,-9.8000,1.301063,-0.891343
-2.0545,-9.7500,1.241193,-1.092341
-2.0353,-9.7000,1.185618,-0.720272
-2.0139,-9.6500,1.162524,-0.139933
-1.9921,-9.6000,1.170172,0.699505
-1.9716,-9.5500,1.240383,1.420777
-1.9578,-9.5000,1.320501,0.740683
-1.9460,-9.4500,1.314988,-0.045071
-1.9316,-9.4000,1.315835,0.036901
-1.9200,-9.3500,1.318803,0.036986
-1.9059,-9.3000,1.319652,0.904689
-1.8943,-9.2500,1.414171,1.212279
-1.8901,-9.2000,1.440765,-0.167626
-1.8812,-9.1500,1.397441,-0.250817
-1.8726,-9.1000,1.415054,-0.056713
-1.8655,-9.0500,1.391739,-0.901056
-1.8545,-9.0000,1.324328,-0.532371
-1.8404,-8.9500,1.335850,0.944790
-1.8305,-8.9000,1.423013,1.838968
-1.8255,-8.8500,1.521515,1.032421
-1.8256,-8.8000,1.525578,0.081198
-1.8210,-8.7500,1.529643,1.033561
-1.8215,-8.7000,1.629101,1.890766
-1.8268,-8.6500,1.718580,1.663828
-1.8364,-8.6000,1.797166,1.097071
-1.8498,-8.5500,1.832103,0.228452
-1.8631,-8.5000,1.821091,-0.098758
-1.8754,-8.4500,1.821941,0.090469
-1.8888,-8.4000,1.830413,-0.081700
-1.9019,-8.3500,1.813431,-0.579427
-1.9135,-8.3000,1.770366,-0.788236
-1.9222,-8.2500,1.733155,-0.347893
-1.9299,-8.2000,1.735358,0.108598
-1.9388,-8.1500,1.744152,-0.086488
-1.9474,-8.1000,1.726538,0.056713
-1.9545,-8.0500,1.749853,0.228498
-1.9655,-8.0000,1.749853,-0.228498
-1.9726,-7.9500,1.726538,-0.056713
-1.9812,-7.9000,1.744152,-0.250817
-1.9901,-7.8500,1.700828,-0.167626
-1.9943,-7.8000,1.727421,1.212279
-2.0059,-7.7500,1.821941,0.904689
-2.0200,-7.7000,1.822789,0.036986
-2.0316,-7.6500,1.825758,0.036901
-2.0460,-7.6000,1.826605,-0.045071
-2.0578,-7.5500,1.821091,0.419720
-2.0716,-7.5000,1.869295,1.106204
-2.0886,-7.4500,1.935998,0.837035
-2.1098,-7.4000,1.960242,0.318852
-2.1296,-7.3500,1.970653,0.307658
-2.1521,-7.3000,1.993462,0.525145
-2.1746,-7.2500,2.027907,0.493675
-2.2013,-7.2000,2.048819,-0.443440
-2.2264,-7.1500,1.975634,-0.976860
-2.2441,-7.1000,1.944654,-0.438057
-2.2656,-7.0500,1.928873,-0.717442
-2.2815,-7.0000,1.866813,-0.475170
-2.2961,-6.9500,1.880417,0.121197
-2.3135,-6.9000,1.879596,-0.113467
-2.3280,-6.8500,1.868468,-0.272808
-2.3442,-6.8000,1.851007,-0.670637
-2.3568,-6.7500,1.798025,-0.753265
-2.3673,-6.7000,1.774276,0.161521
-2.3774,-6.6500,1.814284,0.790003
-2.3922,-6.6000,1.855598,0.231987
-2.4067,-6.5500,1.838847,-0.568008
-2.4196,-6.5000,1.796306,-1.089342
-2.4296,-6.4500,1.726538,-1.330573
-2.4353,-6.4000,1.661946,-0.893747
-2.4388,-6.3500,1.637214,0.260709
-2.4420,-6.3000,1.687905,1.112560
-2.4505,-6.2500,1.748977,0.681505
-2.4600,-6.2000,1.757728,0.000000
-2.4695,-6.1500,1.748977,-0.345066
-2.4780,-6.1000,1.722561,-0.699297
-2.4848,-6.0500,1.678075,-0.386912
-2.4888,-6.0000,1.683886,0.661365
-2.4961,-5.9500,1.744152,0.471362
-2.5063,-5.9000,1.732274,-0.900563
-2.5124,-5.8500,1.652065,-1.612871
-2.5144,-5.8000,1.570796,-1.628946
-2.5124,-5.7500,1.489528,-1.612871
-2.5063,-5.7000,1.409319,-0.561220
-2.4961,-5.6500,1.431878,0.536231
-2.4923,-5.6000,1.463517,-0.217916
-2.4853,-5.5500,1.410200,-0.870483
-2.4761,-5.5000,1.375142,-0.179372
-2.4655,-5.4500,1.391739,0.219875
-2.4580,-5.4000,1.397441,-0.289736
-2.4480,-5.3500,1.362548,-0.423786
-2.4369,-5.3000,1.353901,0.412991
-2.4260,-5.2500,1.405354,0.338678
-2.4202,-5.2000,1.387799,-1.023866
-2.4075,-5.1500,1.302746,-1.046757
-2.3927,-5.1000,1.277680,0.071464
-2.3773,-5.0500,1.310335,0.616423
-2.3661,-5.0000,1.341421,0.630961
-2.3539,-4.9500,1.375142,0.076874
-2.3462,-4.9000,1.349159,-1.083822
-2.3314,-4.8500,1.265697,-0.628232
-2.3148,-4.8000,1.281416,0.362506
-2.3016,-4.7500,1.303587,-0.406001
-2.2874,-4.7000,1.240383,-0.815702
-2.2673,-4.6500,1.216297,-0.100769
-2.2504,-4.6000,1.229493,0.344541
-2.2318,-4.5500,1.252988,0.294770
-2.2175,-4.5000,1.260355,-0.574255
-2.1997,-4.4500,1.194197,-1.037021
-2.1779,-4.4000,1.148131,-0.144157
-2.1548,-4.3500,1.177870,0.206898
-2.1365,-4.3000,1.170172,-0.211971
-2.1124,-4.2500,1.154926,-0.346365
-2.0923,-4.2000,1.132437,-0.732241
-2.0655,-4.1500,1.075453,-0.123261
-2.0383,-4.1000,1.117701,0.453841
-2.0168,-4.0500,1.125043,-0.192782
-1.9905,-4.0000,1.096706,0.382410
-1.9655,-3.9500,1.170172,1.052791
-1.9481,-3.9000,1.209153,0.666428
-1.9277,-3.8500,1.241193,0.536589
-1.9139,-3.8000,1.265697,-0.514365
-1.8962,-3.7500,1.189120,-0.690782
-1.8738,-3.7000,1.189120,0.408682
-1.8561,-3.6500,1.233920,0.448865
-1.8388,-3.6000,1.235937,-0.076240
-1.8213,-3.5500,1.225882,-0.595903
-1.8029,-3.5000,1.173630,-0.542896
-1.7793,-3.4500,1.165959,0.256514
-1.7600,-3.4000,1.202047,0.286441
-1.7407,-3.3500,1.196155,-0.218826
-1.7207,-3.3000,1.178643,-0.160678
-1.6993,-3.2500,1.178643,0.160678
-1.6793,-3.2000,1.196155,0.503301
-1.6600,-3.1500,1.233114,0.049409
-1.6442,-3.1000,1.201260,-0.946594
-1.6213,-3.0500,1.133179,-0.268992
-1.5974,-3.0000,1.170172,0.346220
-1.5789,-2.9500,1.170172,-0.346220
-1.5551,-2.9000,1.133179,-0.245456
-1.5321,-2.8500,1.142500,0.068123
-1.5094,-2.8000,1.140629,0.383907
-1.4862,-2.7500,1.185618,0.496988
-1.4689,-2.7000,1.193414,0.072706
-1.4466,-2.6500,1.193414,-0.072706
-1.4292,-2.6000,1.185618,-0.216082
-1.4061,-2.5500,1.170172,0.187241
-1.3869,-2.5000,1.206385,0.073814
-1.3679,-2.4500,1.177870,-0.592157
-1.3454,-2.4000,1.142500,-0.470048
-1.3223,-2.3500,1.125780,-0.149730
-1.2977,-2.3000,1.125780,0.149730
-1.2746,-2.2500,1.142500,0.204369
-1.2521,-2.2000,1.148131,0.257424
-1.2296,-2.1500,1.170940,0.583489
-1.2098,-2.1000,1.211926,0.668520
-1.1921,-2.0500,1.242004,0.460315
-1.1757,-2.0000,1.260355,0.234390
-1.1600,-1.9500,1.266521,0.000000
-1.1443,-1.9000,1.260355,-0.234390
-1.1279,-1.8500,1.242004,-0.460315
-1.1102,-1.8000,1.211926,-0.668520
-1.0904,-1.7500,1.170940,-0.307658
-1.0679,-1.7000,1.177870,-0.221167
-1.0490,-1.6500,1.147378,-0.884639
-1.0229,-1.6000,1.082484,-0.249324
-0.9958,-1.5500,1.117701,0.322293
-0.9742,-1.5000,1.117701,-0.065774
-0.9471,-1.4500,1.110412,0.556357
-0.9246,-1.4000,1.182125,0.821198
-0.9062,-1.3500,1.196939,0.040155
-0.8853,-1.3000,1.186395,-0.674091
-0.8657,-1.2500,1.125780,-0.998200
-0.8376,-1.2000,1.075453,-0.560837
-0.8117,-1.1500,1.060859,-0.256833
-0.7817,-1.1000,1.046535,-0.428306
-0.7519,-1.0465,1.010051,-0.728103
-0.7163,-0.9959,0.956898,-0.815871
-0.6798,-0.9443,0.908646,-1.031753
-0.6370,-0.8941,0.821026,-1.095502
-0.5929,-0.8509,0.767199,-0.884078
-0.5496,-0.8099,0.715694,-0.946338
-0.5028,-0.7725,0.652552,-1.155376
-0.4583,-0.7400,0.581051,-1.672109
-0.4122,-0.7131,0.473022,-2.405224
-0.3641,-0.6919,0.326283,-2.540788
-0.3135,-0.6797,0.212310,-1.302565
-0.2600,-0.6694,0.184503,-0.324901
-0.2100,-0.6604,0.178181,0.069216
-0.1600,-0.6514,0.191733,-0.047087
-0.1100,-0.6410,0.173355,-0.635690
-0.0600,-0.6339,0.126916,-0.554119
-0.0100,-0.6282,0.117794,-0.024953
0.0400,-0.6221,0.124408,0.154779
0.0900,-0.6157,0.133388,0.262222
0.1400,-0.6086,0.150833,0.427878
0.1900,-0.6005,0.176604,0.587932
0.2400,-0.5908,0.210449,-4.056369
0.2900,-0.5791,-0.098645,-2.096841
0.3900,-0.6056,-0.259164,-0.389677
